{
    "player": [
        {
            "pos": {
                "x": -90.21581268310547,
                "y": -30.0,
                "z": -219.6752166748047
            },
            "quaRot": {
                "w": 0.2756187577899276,
                "x": 0.0,
                "y": -0.9612670540809631,
                "z": 0.0
            }
        }
    ]
}