{
    "player": [
        {
            "playerRotY": {
                "w": 0.9238795047603525,
                "x": 0.0,
                "y": -0.38268348574638367,
                "z": 0.0
            },
            "pos": {
                "x": -1373.1949462890625,
                "y": -49.70106887817383,
                "z": 1274.6632080078125
            },
            "quaRot": {
                "w": 0.9238795047603525,
                "x": 0.0,
                "y": -0.38268348574638367,
                "z": 0.0
            }
        }
    ]
}